name,accountnumber
dummy70001,test70001
dummy70002,test70002
dummy70003,test70003
dummy70004,test70004
dummy70005,test70005
dummy70006,test70006
dummy70007,test70007
dummy70008,test70008
dummy70009,test70009
dummy70010,test70010
dummy70011,test70011
dummy70012,test70012
dummy70013,test70013
dummy70014,test70014
dummy70015,test70015
dummy70016,test70016
dummy70017,test70017
dummy70018,test70018
dummy70019,test70019
dummy70020,test70020
dummy70021,test70021
dummy70022,test70022
dummy70023,test70023
dummy70024,test70024
dummy70025,test70025
dummy70026,test70026
dummy70027,test70027
dummy70028,test70028
dummy70029,test70029
dummy70030,test70030
dummy70031,test70031
dummy70032,test70032
dummy70033,test70033
dummy70034,test70034
dummy70035,test70035
dummy70036,test70036
dummy70037,test70037
dummy70038,test70038
dummy70039,test70039
dummy70040,test70040
dummy70041,test70041
dummy70042,test70042
dummy70043,test70043
dummy70044,test70044
dummy70045,test70045
dummy70046,test70046
dummy70047,test70047
dummy70048,test70048
dummy70049,test70049
dummy70050,test70050
dummy70051,test70051
dummy70052,test70052
dummy70053,test70053
dummy70054,test70054
dummy70055,test70055
dummy70056,test70056
dummy70057,test70057
dummy70058,test70058
dummy70059,test70059
dummy70060,test70060
dummy70061,test70061
dummy70062,test70062
dummy70063,test70063
dummy70064,test70064
dummy70065,test70065
dummy70066,test70066
dummy70067,test70067
dummy70068,test70068
dummy70069,test70069
dummy70070,test70070
dummy70071,test70071
dummy70072,test70072
dummy70073,test70073
dummy70074,test70074
dummy70075,test70075
dummy70076,test70076
dummy70077,test70077
dummy70078,test70078
dummy70079,test70079
dummy70080,test70080
dummy70081,test70081
dummy70082,test70082
dummy70083,test70083
dummy70084,test70084
dummy70085,test70085
dummy70086,test70086
dummy70087,test70087
dummy70088,test70088
dummy70089,test70089
dummy70090,test70090
dummy70091,test70091
dummy70092,test70092
dummy70093,test70093
dummy70094,test70094
dummy70095,test70095
dummy70096,test70096
dummy70097,test70097
dummy70098,test70098
dummy70099,test70099
dummy70100,test70100
dummy70101,test70101
dummy70102,test70102
dummy70103,test70103
dummy70104,test70104
dummy70105,test70105
dummy70106,test70106
dummy70107,test70107
dummy70108,test70108
dummy70109,test70109
dummy70110,test70110
dummy70111,test70111
dummy70112,test70112
dummy70113,test70113
dummy70114,test70114
dummy70115,test70115
dummy70116,test70116
dummy70117,test70117
dummy70118,test70118
dummy70119,test70119
dummy70120,test70120
dummy70121,test70121
dummy70122,test70122
dummy70123,test70123
dummy70124,test70124
dummy70125,test70125
dummy70126,test70126
dummy70127,test70127
dummy70128,test70128
dummy70129,test70129
dummy70130,test70130
dummy70131,test70131
dummy70132,test70132
dummy70133,test70133
dummy70134,test70134
dummy70135,test70135
dummy70136,test70136
dummy70137,test70137
dummy70138,test70138
dummy70139,test70139
dummy70140,test70140
dummy70141,test70141
dummy70142,test70142
dummy70143,test70143
dummy70144,test70144
dummy70145,test70145
dummy70146,test70146
dummy70147,test70147
dummy70148,test70148
dummy70149,test70149
dummy70150,test70150
dummy70151,test70151
dummy70152,test70152
dummy70153,test70153
dummy70154,test70154
dummy70155,test70155
dummy70156,test70156
dummy70157,test70157
dummy70158,test70158
dummy70159,test70159
dummy70160,test70160
dummy70161,test70161
dummy70162,test70162
dummy70163,test70163
dummy70164,test70164
dummy70165,test70165
dummy70166,test70166
dummy70167,test70167
dummy70168,test70168
dummy70169,test70169
dummy70170,test70170
dummy70171,test70171
dummy70172,test70172
dummy70173,test70173
dummy70174,test70174
dummy70175,test70175
dummy70176,test70176
dummy70177,test70177
dummy70178,test70178
dummy70179,test70179
dummy70180,test70180
dummy70181,test70181
dummy70182,test70182
dummy70183,test70183
dummy70184,test70184
dummy70185,test70185
dummy70186,test70186
dummy70187,test70187
dummy70188,test70188
dummy70189,test70189
dummy70190,test70190
dummy70191,test70191
dummy70192,test70192
dummy70193,test70193
dummy70194,test70194
dummy70195,test70195
dummy70196,test70196
dummy70197,test70197
dummy70198,test70198
dummy70199,test70199
dummy70200,test70200
dummy70201,test70201
dummy70202,test70202
dummy70203,test70203
dummy70204,test70204
dummy70205,test70205
dummy70206,test70206
dummy70207,test70207
dummy70208,test70208
dummy70209,test70209
dummy70210,test70210
dummy70211,test70211
dummy70212,test70212
dummy70213,test70213
dummy70214,test70214
dummy70215,test70215
dummy70216,test70216
dummy70217,test70217
dummy70218,test70218
dummy70219,test70219
dummy70220,test70220
dummy70221,test70221
dummy70222,test70222
dummy70223,test70223
dummy70224,test70224
dummy70225,test70225
dummy70226,test70226
dummy70227,test70227
dummy70228,test70228
dummy70229,test70229
dummy70230,test70230
dummy70231,test70231
dummy70232,test70232
dummy70233,test70233
dummy70234,test70234
dummy70235,test70235
dummy70236,test70236
dummy70237,test70237
dummy70238,test70238
dummy70239,test70239
dummy70240,test70240
dummy70241,test70241
dummy70242,test70242
dummy70243,test70243
dummy70244,test70244
dummy70245,test70245
dummy70246,test70246
dummy70247,test70247
dummy70248,test70248
dummy70249,test70249
dummy70250,test70250
dummy70251,test70251
dummy70252,test70252
dummy70253,test70253
dummy70254,test70254
dummy70255,test70255
dummy70256,test70256
dummy70257,test70257
dummy70258,test70258
dummy70259,test70259
dummy70260,test70260
dummy70261,test70261
dummy70262,test70262
dummy70263,test70263
dummy70264,test70264
dummy70265,test70265
dummy70266,test70266
dummy70267,test70267
dummy70268,test70268
dummy70269,test70269
dummy70270,test70270
dummy70271,test70271
dummy70272,test70272
dummy70273,test70273
dummy70274,test70274
dummy70275,test70275
dummy70276,test70276
dummy70277,test70277
dummy70278,test70278
dummy70279,test70279
dummy70280,test70280
dummy70281,test70281
dummy70282,test70282
dummy70283,test70283
dummy70284,test70284
dummy70285,test70285
dummy70286,test70286
dummy70287,test70287
dummy70288,test70288
dummy70289,test70289
dummy70290,test70290
dummy70291,test70291
dummy70292,test70292
dummy70293,test70293
dummy70294,test70294
dummy70295,test70295
dummy70296,test70296
dummy70297,test70297
dummy70298,test70298
dummy70299,test70299
dummy70300,test70300
dummy70301,test70301
dummy70302,test70302
dummy70303,test70303
dummy70304,test70304
dummy70305,test70305
dummy70306,test70306
dummy70307,test70307
dummy70308,test70308
dummy70309,test70309
dummy70310,test70310
dummy70311,test70311
dummy70312,test70312
dummy70313,test70313
dummy70314,test70314
dummy70315,test70315
dummy70316,test70316
dummy70317,test70317
dummy70318,test70318
dummy70319,test70319
dummy70320,test70320
dummy70321,test70321
dummy70322,test70322
dummy70323,test70323
dummy70324,test70324
dummy70325,test70325
dummy70326,test70326
dummy70327,test70327
dummy70328,test70328
dummy70329,test70329
dummy70330,test70330
dummy70331,test70331
dummy70332,test70332
dummy70333,test70333
dummy70334,test70334
dummy70335,test70335
dummy70336,test70336
dummy70337,test70337
dummy70338,test70338
dummy70339,test70339
dummy70340,test70340
dummy70341,test70341
dummy70342,test70342
dummy70343,test70343
dummy70344,test70344
dummy70345,test70345
dummy70346,test70346
dummy70347,test70347
dummy70348,test70348
dummy70349,test70349
dummy70350,test70350
dummy70351,test70351
dummy70352,test70352
dummy70353,test70353
dummy70354,test70354
dummy70355,test70355
dummy70356,test70356
dummy70357,test70357
dummy70358,test70358
dummy70359,test70359
dummy70360,test70360
dummy70361,test70361
dummy70362,test70362
dummy70363,test70363
dummy70364,test70364
dummy70365,test70365
dummy70366,test70366
dummy70367,test70367
dummy70368,test70368
dummy70369,test70369
dummy70370,test70370
dummy70371,test70371
dummy70372,test70372
dummy70373,test70373
dummy70374,test70374
dummy70375,test70375
dummy70376,test70376
dummy70377,test70377
dummy70378,test70378
dummy70379,test70379
dummy70380,test70380
dummy70381,test70381
dummy70382,test70382
dummy70383,test70383
dummy70384,test70384
dummy70385,test70385
dummy70386,test70386
dummy70387,test70387
dummy70388,test70388
dummy70389,test70389
dummy70390,test70390
dummy70391,test70391
dummy70392,test70392
dummy70393,test70393
dummy70394,test70394
dummy70395,test70395
dummy70396,test70396
dummy70397,test70397
dummy70398,test70398
dummy70399,test70399
dummy70400,test70400
dummy70401,test70401
dummy70402,test70402
dummy70403,test70403
dummy70404,test70404
dummy70405,test70405
dummy70406,test70406
dummy70407,test70407
dummy70408,test70408
dummy70409,test70409
dummy70410,test70410
dummy70411,test70411
dummy70412,test70412
dummy70413,test70413
dummy70414,test70414
dummy70415,test70415
dummy70416,test70416
dummy70417,test70417
dummy70418,test70418
dummy70419,test70419
dummy70420,test70420
dummy70421,test70421
dummy70422,test70422
dummy70423,test70423
dummy70424,test70424
dummy70425,test70425
dummy70426,test70426
dummy70427,test70427
dummy70428,test70428
dummy70429,test70429
dummy70430,test70430
dummy70431,test70431
dummy70432,test70432
dummy70433,test70433
dummy70434,test70434
dummy70435,test70435
dummy70436,test70436
dummy70437,test70437
dummy70438,test70438
dummy70439,test70439
dummy70440,test70440
dummy70441,test70441
dummy70442,test70442
dummy70443,test70443
dummy70444,test70444
dummy70445,test70445
dummy70446,test70446
dummy70447,test70447
dummy70448,test70448
dummy70449,test70449
dummy70450,test70450
dummy70451,test70451
dummy70452,test70452
dummy70453,test70453
dummy70454,test70454
dummy70455,test70455
dummy70456,test70456
dummy70457,test70457
dummy70458,test70458
dummy70459,test70459
dummy70460,test70460
dummy70461,test70461
dummy70462,test70462
dummy70463,test70463
dummy70464,test70464
dummy70465,test70465
dummy70466,test70466
dummy70467,test70467
dummy70468,test70468
dummy70469,test70469
dummy70470,test70470
dummy70471,test70471
dummy70472,test70472
dummy70473,test70473
dummy70474,test70474
dummy70475,test70475
dummy70476,test70476
dummy70477,test70477
dummy70478,test70478
dummy70479,test70479
dummy70480,test70480
dummy70481,test70481
dummy70482,test70482
dummy70483,test70483
dummy70484,test70484
dummy70485,test70485
dummy70486,test70486
dummy70487,test70487
dummy70488,test70488
dummy70489,test70489
dummy70490,test70490
dummy70491,test70491
dummy70492,test70492
dummy70493,test70493
dummy70494,test70494
dummy70495,test70495
dummy70496,test70496
dummy70497,test70497
dummy70498,test70498
dummy70499,test70499
dummy70500,test70500
dummy70501,test70501
dummy70502,test70502
dummy70503,test70503
dummy70504,test70504
dummy70505,test70505
dummy70506,test70506
dummy70507,test70507
dummy70508,test70508
dummy70509,test70509
dummy70510,test70510
dummy70511,test70511
dummy70512,test70512
dummy70513,test70513
dummy70514,test70514
dummy70515,test70515
dummy70516,test70516
dummy70517,test70517
dummy70518,test70518
dummy70519,test70519
dummy70520,test70520
dummy70521,test70521
dummy70522,test70522
dummy70523,test70523
dummy70524,test70524
dummy70525,test70525
dummy70526,test70526
dummy70527,test70527
dummy70528,test70528
dummy70529,test70529
dummy70530,test70530
dummy70531,test70531
dummy70532,test70532
dummy70533,test70533
dummy70534,test70534
dummy70535,test70535
dummy70536,test70536
dummy70537,test70537
dummy70538,test70538
dummy70539,test70539
dummy70540,test70540
dummy70541,test70541
dummy70542,test70542
dummy70543,test70543
dummy70544,test70544
dummy70545,test70545
dummy70546,test70546
dummy70547,test70547
dummy70548,test70548
dummy70549,test70549
dummy70550,test70550
dummy70551,test70551
dummy70552,test70552
dummy70553,test70553
dummy70554,test70554
dummy70555,test70555
dummy70556,test70556
dummy70557,test70557
dummy70558,test70558
dummy70559,test70559
dummy70560,test70560
dummy70561,test70561
dummy70562,test70562
dummy70563,test70563
dummy70564,test70564
dummy70565,test70565
dummy70566,test70566
dummy70567,test70567
dummy70568,test70568
dummy70569,test70569
dummy70570,test70570
dummy70571,test70571
dummy70572,test70572
dummy70573,test70573
dummy70574,test70574
dummy70575,test70575
dummy70576,test70576
dummy70577,test70577
dummy70578,test70578
dummy70579,test70579
dummy70580,test70580
dummy70581,test70581
dummy70582,test70582
dummy70583,test70583
dummy70584,test70584
dummy70585,test70585
dummy70586,test70586
dummy70587,test70587
dummy70588,test70588
dummy70589,test70589
dummy70590,test70590
dummy70591,test70591
dummy70592,test70592
dummy70593,test70593
dummy70594,test70594
dummy70595,test70595
dummy70596,test70596
dummy70597,test70597
dummy70598,test70598
dummy70599,test70599
dummy70600,test70600
dummy70601,test70601
dummy70602,test70602
dummy70603,test70603
dummy70604,test70604
dummy70605,test70605
dummy70606,test70606
dummy70607,test70607
dummy70608,test70608
dummy70609,test70609
dummy70610,test70610
dummy70611,test70611
dummy70612,test70612
dummy70613,test70613
dummy70614,test70614
dummy70615,test70615
dummy70616,test70616
dummy70617,test70617
dummy70618,test70618
dummy70619,test70619
dummy70620,test70620
dummy70621,test70621
dummy70622,test70622
dummy70623,test70623
dummy70624,test70624
dummy70625,test70625
dummy70626,test70626
dummy70627,test70627
dummy70628,test70628
dummy70629,test70629
dummy70630,test70630
dummy70631,test70631
dummy70632,test70632
dummy70633,test70633
dummy70634,test70634
dummy70635,test70635
dummy70636,test70636
dummy70637,test70637
dummy70638,test70638
dummy70639,test70639
dummy70640,test70640
dummy70641,test70641
dummy70642,test70642
dummy70643,test70643
dummy70644,test70644
dummy70645,test70645
dummy70646,test70646
dummy70647,test70647
dummy70648,test70648
dummy70649,test70649
dummy70650,test70650
dummy70651,test70651
dummy70652,test70652
dummy70653,test70653
dummy70654,test70654
dummy70655,test70655
dummy70656,test70656
dummy70657,test70657
dummy70658,test70658
dummy70659,test70659
dummy70660,test70660
dummy70661,test70661
dummy70662,test70662
dummy70663,test70663
dummy70664,test70664
dummy70665,test70665
dummy70666,test70666
dummy70667,test70667
dummy70668,test70668
dummy70669,test70669
dummy70670,test70670
dummy70671,test70671
dummy70672,test70672
dummy70673,test70673
dummy70674,test70674
dummy70675,test70675
dummy70676,test70676
dummy70677,test70677
dummy70678,test70678
dummy70679,test70679
dummy70680,test70680
dummy70681,test70681
dummy70682,test70682
dummy70683,test70683
dummy70684,test70684
dummy70685,test70685
dummy70686,test70686
dummy70687,test70687
dummy70688,test70688
dummy70689,test70689
dummy70690,test70690
dummy70691,test70691
dummy70692,test70692
dummy70693,test70693
dummy70694,test70694
dummy70695,test70695
dummy70696,test70696
dummy70697,test70697
dummy70698,test70698
dummy70699,test70699
dummy70700,test70700
dummy70701,test70701
dummy70702,test70702
dummy70703,test70703
dummy70704,test70704
dummy70705,test70705
dummy70706,test70706
dummy70707,test70707
dummy70708,test70708
dummy70709,test70709
dummy70710,test70710
dummy70711,test70711
dummy70712,test70712
dummy70713,test70713
dummy70714,test70714
dummy70715,test70715
dummy70716,test70716
dummy70717,test70717
dummy70718,test70718
dummy70719,test70719
dummy70720,test70720
dummy70721,test70721
dummy70722,test70722
dummy70723,test70723
dummy70724,test70724
dummy70725,test70725
dummy70726,test70726
dummy70727,test70727
dummy70728,test70728
dummy70729,test70729
dummy70730,test70730
dummy70731,test70731
dummy70732,test70732
dummy70733,test70733
dummy70734,test70734
dummy70735,test70735
dummy70736,test70736
dummy70737,test70737
dummy70738,test70738
dummy70739,test70739
dummy70740,test70740
dummy70741,test70741
dummy70742,test70742
dummy70743,test70743
dummy70744,test70744
dummy70745,test70745
dummy70746,test70746
dummy70747,test70747
dummy70748,test70748
dummy70749,test70749
dummy70750,test70750
dummy70751,test70751
dummy70752,test70752
dummy70753,test70753
dummy70754,test70754
dummy70755,test70755
dummy70756,test70756
dummy70757,test70757
dummy70758,test70758
dummy70759,test70759
dummy70760,test70760
dummy70761,test70761
dummy70762,test70762
dummy70763,test70763
dummy70764,test70764
dummy70765,test70765
dummy70766,test70766
dummy70767,test70767
dummy70768,test70768
dummy70769,test70769
dummy70770,test70770
dummy70771,test70771
dummy70772,test70772
dummy70773,test70773
dummy70774,test70774
dummy70775,test70775
dummy70776,test70776
dummy70777,test70777
dummy70778,test70778
dummy70779,test70779
dummy70780,test70780
dummy70781,test70781
dummy70782,test70782
dummy70783,test70783
dummy70784,test70784
dummy70785,test70785
dummy70786,test70786
dummy70787,test70787
dummy70788,test70788
dummy70789,test70789
dummy70790,test70790
dummy70791,test70791
dummy70792,test70792
dummy70793,test70793
dummy70794,test70794
dummy70795,test70795
dummy70796,test70796
dummy70797,test70797
dummy70798,test70798
dummy70799,test70799
dummy70800,test70800
dummy70801,test70801
dummy70802,test70802
dummy70803,test70803
dummy70804,test70804
dummy70805,test70805
dummy70806,test70806
dummy70807,test70807
dummy70808,test70808
dummy70809,test70809
dummy70810,test70810
dummy70811,test70811
dummy70812,test70812
dummy70813,test70813
dummy70814,test70814
dummy70815,test70815
dummy70816,test70816
dummy70817,test70817
dummy70818,test70818
dummy70819,test70819
dummy70820,test70820
dummy70821,test70821
dummy70822,test70822
dummy70823,test70823
dummy70824,test70824
dummy70825,test70825
dummy70826,test70826
dummy70827,test70827
dummy70828,test70828
dummy70829,test70829
dummy70830,test70830
dummy70831,test70831
dummy70832,test70832
dummy70833,test70833
dummy70834,test70834
dummy70835,test70835
dummy70836,test70836
dummy70837,test70837
dummy70838,test70838
dummy70839,test70839
dummy70840,test70840
dummy70841,test70841
dummy70842,test70842
dummy70843,test70843
dummy70844,test70844
dummy70845,test70845
dummy70846,test70846
dummy70847,test70847
dummy70848,test70848
dummy70849,test70849
dummy70850,test70850
dummy70851,test70851
dummy70852,test70852
dummy70853,test70853
dummy70854,test70854
dummy70855,test70855
dummy70856,test70856
dummy70857,test70857
dummy70858,test70858
dummy70859,test70859
dummy70860,test70860
dummy70861,test70861
dummy70862,test70862
dummy70863,test70863
dummy70864,test70864
dummy70865,test70865
dummy70866,test70866
dummy70867,test70867
dummy70868,test70868
dummy70869,test70869
dummy70870,test70870
dummy70871,test70871
dummy70872,test70872
dummy70873,test70873
dummy70874,test70874
dummy70875,test70875
dummy70876,test70876
dummy70877,test70877
dummy70878,test70878
dummy70879,test70879
dummy70880,test70880
dummy70881,test70881
dummy70882,test70882
dummy70883,test70883
dummy70884,test70884
dummy70885,test70885
dummy70886,test70886
dummy70887,test70887
dummy70888,test70888
dummy70889,test70889
dummy70890,test70890
dummy70891,test70891
dummy70892,test70892
dummy70893,test70893
dummy70894,test70894
dummy70895,test70895
dummy70896,test70896
dummy70897,test70897
dummy70898,test70898
dummy70899,test70899
dummy70900,test70900
dummy70901,test70901
dummy70902,test70902
dummy70903,test70903
dummy70904,test70904
dummy70905,test70905
dummy70906,test70906
dummy70907,test70907
dummy70908,test70908
dummy70909,test70909
dummy70910,test70910
dummy70911,test70911
dummy70912,test70912
dummy70913,test70913
dummy70914,test70914
dummy70915,test70915
dummy70916,test70916
dummy70917,test70917
dummy70918,test70918
dummy70919,test70919
dummy70920,test70920
dummy70921,test70921
dummy70922,test70922
dummy70923,test70923
dummy70924,test70924
dummy70925,test70925
dummy70926,test70926
dummy70927,test70927
dummy70928,test70928
dummy70929,test70929
dummy70930,test70930
dummy70931,test70931
dummy70932,test70932
dummy70933,test70933
dummy70934,test70934
dummy70935,test70935
dummy70936,test70936
dummy70937,test70937
dummy70938,test70938
dummy70939,test70939
dummy70940,test70940
dummy70941,test70941
dummy70942,test70942
dummy70943,test70943
dummy70944,test70944
dummy70945,test70945
dummy70946,test70946
dummy70947,test70947
dummy70948,test70948
dummy70949,test70949
dummy70950,test70950
dummy70951,test70951
dummy70952,test70952
dummy70953,test70953
dummy70954,test70954
dummy70955,test70955
dummy70956,test70956
dummy70957,test70957
dummy70958,test70958
dummy70959,test70959
dummy70960,test70960
dummy70961,test70961
dummy70962,test70962
dummy70963,test70963
dummy70964,test70964
dummy70965,test70965
dummy70966,test70966
dummy70967,test70967
dummy70968,test70968
dummy70969,test70969
dummy70970,test70970
dummy70971,test70971
dummy70972,test70972
dummy70973,test70973
dummy70974,test70974
dummy70975,test70975
dummy70976,test70976
dummy70977,test70977
dummy70978,test70978
dummy70979,test70979
dummy70980,test70980
dummy70981,test70981
dummy70982,test70982
dummy70983,test70983
dummy70984,test70984
dummy70985,test70985
dummy70986,test70986
dummy70987,test70987
dummy70988,test70988
dummy70989,test70989
dummy70990,test70990
dummy70991,test70991
dummy70992,test70992
dummy70993,test70993
dummy70994,test70994
dummy70995,test70995
dummy70996,test70996
dummy70997,test70997
dummy70998,test70998
dummy70999,test70999
dummy71000,test71000
dummy71001,test71001
dummy71002,test71002
dummy71003,test71003
dummy71004,test71004
dummy71005,test71005
dummy71006,test71006
dummy71007,test71007
dummy71008,test71008
dummy71009,test71009
dummy71010,test71010
dummy71011,test71011
dummy71012,test71012
dummy71013,test71013
dummy71014,test71014
dummy71015,test71015
dummy71016,test71016
dummy71017,test71017
dummy71018,test71018
dummy71019,test71019
dummy71020,test71020
dummy71021,test71021
dummy71022,test71022
dummy71023,test71023
dummy71024,test71024
dummy71025,test71025
dummy71026,test71026
dummy71027,test71027
dummy71028,test71028
dummy71029,test71029
dummy71030,test71030
dummy71031,test71031
dummy71032,test71032
dummy71033,test71033
dummy71034,test71034
dummy71035,test71035
dummy71036,test71036
dummy71037,test71037
dummy71038,test71038
dummy71039,test71039
dummy71040,test71040
dummy71041,test71041
dummy71042,test71042
dummy71043,test71043
dummy71044,test71044
dummy71045,test71045
dummy71046,test71046
dummy71047,test71047
dummy71048,test71048
dummy71049,test71049
dummy71050,test71050
dummy71051,test71051
dummy71052,test71052
dummy71053,test71053
dummy71054,test71054
dummy71055,test71055
dummy71056,test71056
dummy71057,test71057
dummy71058,test71058
dummy71059,test71059
dummy71060,test71060
dummy71061,test71061
dummy71062,test71062
dummy71063,test71063
dummy71064,test71064
dummy71065,test71065
dummy71066,test71066
dummy71067,test71067
dummy71068,test71068
dummy71069,test71069
dummy71070,test71070
dummy71071,test71071
dummy71072,test71072
dummy71073,test71073
dummy71074,test71074
dummy71075,test71075
dummy71076,test71076
dummy71077,test71077
dummy71078,test71078
dummy71079,test71079
dummy71080,test71080
dummy71081,test71081
dummy71082,test71082
dummy71083,test71083
dummy71084,test71084
dummy71085,test71085
dummy71086,test71086
dummy71087,test71087
dummy71088,test71088
dummy71089,test71089
dummy71090,test71090
dummy71091,test71091
dummy71092,test71092
dummy71093,test71093
dummy71094,test71094
dummy71095,test71095
dummy71096,test71096
dummy71097,test71097
dummy71098,test71098
dummy71099,test71099
dummy71100,test71100
dummy71101,test71101
dummy71102,test71102
dummy71103,test71103
dummy71104,test71104
dummy71105,test71105
dummy71106,test71106
dummy71107,test71107
dummy71108,test71108
dummy71109,test71109
dummy71110,test71110
dummy71111,test71111
dummy71112,test71112
dummy71113,test71113
dummy71114,test71114
dummy71115,test71115
dummy71116,test71116
dummy71117,test71117
dummy71118,test71118
dummy71119,test71119
dummy71120,test71120
dummy71121,test71121
dummy71122,test71122
dummy71123,test71123
dummy71124,test71124
dummy71125,test71125
dummy71126,test71126
dummy71127,test71127
dummy71128,test71128
dummy71129,test71129
dummy71130,test71130
dummy71131,test71131
dummy71132,test71132
dummy71133,test71133
dummy71134,test71134
dummy71135,test71135
dummy71136,test71136
dummy71137,test71137
dummy71138,test71138
dummy71139,test71139
dummy71140,test71140
dummy71141,test71141
dummy71142,test71142
dummy71143,test71143
dummy71144,test71144
dummy71145,test71145
dummy71146,test71146
dummy71147,test71147
dummy71148,test71148
dummy71149,test71149
dummy71150,test71150
dummy71151,test71151
dummy71152,test71152
dummy71153,test71153
dummy71154,test71154
dummy71155,test71155
dummy71156,test71156
dummy71157,test71157
dummy71158,test71158
dummy71159,test71159
dummy71160,test71160
dummy71161,test71161
dummy71162,test71162
dummy71163,test71163
dummy71164,test71164
dummy71165,test71165
dummy71166,test71166
dummy71167,test71167
dummy71168,test71168
dummy71169,test71169
dummy71170,test71170
dummy71171,test71171
dummy71172,test71172
dummy71173,test71173
dummy71174,test71174
dummy71175,test71175
dummy71176,test71176
dummy71177,test71177
dummy71178,test71178
dummy71179,test71179
dummy71180,test71180
dummy71181,test71181
dummy71182,test71182
dummy71183,test71183
dummy71184,test71184
dummy71185,test71185
dummy71186,test71186
dummy71187,test71187
dummy71188,test71188
dummy71189,test71189
dummy71190,test71190
dummy71191,test71191
dummy71192,test71192
dummy71193,test71193
dummy71194,test71194
dummy71195,test71195
dummy71196,test71196
dummy71197,test71197
dummy71198,test71198
dummy71199,test71199
dummy71200,test71200
dummy71201,test71201
dummy71202,test71202
dummy71203,test71203
dummy71204,test71204
dummy71205,test71205
dummy71206,test71206
dummy71207,test71207
dummy71208,test71208
dummy71209,test71209
dummy71210,test71210
dummy71211,test71211
dummy71212,test71212
dummy71213,test71213
dummy71214,test71214
dummy71215,test71215
dummy71216,test71216
dummy71217,test71217
dummy71218,test71218
dummy71219,test71219
dummy71220,test71220
dummy71221,test71221
dummy71222,test71222
dummy71223,test71223
dummy71224,test71224
dummy71225,test71225
dummy71226,test71226
dummy71227,test71227
dummy71228,test71228
dummy71229,test71229
dummy71230,test71230
dummy71231,test71231
dummy71232,test71232
dummy71233,test71233
dummy71234,test71234
dummy71235,test71235
dummy71236,test71236
dummy71237,test71237
dummy71238,test71238
dummy71239,test71239
dummy71240,test71240
dummy71241,test71241
dummy71242,test71242
dummy71243,test71243
dummy71244,test71244
dummy71245,test71245
dummy71246,test71246
dummy71247,test71247
dummy71248,test71248
dummy71249,test71249
dummy71250,test71250
dummy71251,test71251
dummy71252,test71252
dummy71253,test71253
dummy71254,test71254
dummy71255,test71255
dummy71256,test71256
dummy71257,test71257
dummy71258,test71258
dummy71259,test71259
dummy71260,test71260
dummy71261,test71261
dummy71262,test71262
dummy71263,test71263
dummy71264,test71264
dummy71265,test71265
dummy71266,test71266
dummy71267,test71267
dummy71268,test71268
dummy71269,test71269
dummy71270,test71270
dummy71271,test71271
dummy71272,test71272
dummy71273,test71273
dummy71274,test71274
dummy71275,test71275
dummy71276,test71276
dummy71277,test71277
dummy71278,test71278
dummy71279,test71279
dummy71280,test71280
dummy71281,test71281
dummy71282,test71282
dummy71283,test71283
dummy71284,test71284
dummy71285,test71285
dummy71286,test71286
dummy71287,test71287
dummy71288,test71288
dummy71289,test71289
dummy71290,test71290
dummy71291,test71291
dummy71292,test71292
dummy71293,test71293
dummy71294,test71294
dummy71295,test71295
dummy71296,test71296
dummy71297,test71297
dummy71298,test71298
dummy71299,test71299
dummy71300,test71300
dummy71301,test71301
dummy71302,test71302
dummy71303,test71303
dummy71304,test71304
dummy71305,test71305
dummy71306,test71306
dummy71307,test71307
dummy71308,test71308
dummy71309,test71309
dummy71310,test71310
dummy71311,test71311
dummy71312,test71312
dummy71313,test71313
dummy71314,test71314
dummy71315,test71315
dummy71316,test71316
dummy71317,test71317
dummy71318,test71318
dummy71319,test71319
dummy71320,test71320
dummy71321,test71321
dummy71322,test71322
dummy71323,test71323
dummy71324,test71324
dummy71325,test71325
dummy71326,test71326
dummy71327,test71327
dummy71328,test71328
dummy71329,test71329
dummy71330,test71330
dummy71331,test71331
dummy71332,test71332
dummy71333,test71333
dummy71334,test71334
dummy71335,test71335
dummy71336,test71336
dummy71337,test71337
dummy71338,test71338
dummy71339,test71339
dummy71340,test71340
dummy71341,test71341
dummy71342,test71342
dummy71343,test71343
dummy71344,test71344
dummy71345,test71345
dummy71346,test71346
dummy71347,test71347
dummy71348,test71348
dummy71349,test71349
dummy71350,test71350
dummy71351,test71351
dummy71352,test71352
dummy71353,test71353
dummy71354,test71354
dummy71355,test71355
dummy71356,test71356
dummy71357,test71357
dummy71358,test71358
dummy71359,test71359
dummy71360,test71360
dummy71361,test71361
dummy71362,test71362
dummy71363,test71363
dummy71364,test71364
dummy71365,test71365
dummy71366,test71366
dummy71367,test71367
dummy71368,test71368
dummy71369,test71369
dummy71370,test71370
dummy71371,test71371
dummy71372,test71372
dummy71373,test71373
dummy71374,test71374
dummy71375,test71375
dummy71376,test71376
dummy71377,test71377
dummy71378,test71378
dummy71379,test71379
dummy71380,test71380
dummy71381,test71381
dummy71382,test71382
dummy71383,test71383
dummy71384,test71384
dummy71385,test71385
dummy71386,test71386
dummy71387,test71387
dummy71388,test71388
dummy71389,test71389
dummy71390,test71390
dummy71391,test71391
dummy71392,test71392
dummy71393,test71393
dummy71394,test71394
dummy71395,test71395
dummy71396,test71396
dummy71397,test71397
dummy71398,test71398
dummy71399,test71399
dummy71400,test71400
dummy71401,test71401
dummy71402,test71402
dummy71403,test71403
dummy71404,test71404
dummy71405,test71405
dummy71406,test71406
dummy71407,test71407
dummy71408,test71408
dummy71409,test71409
dummy71410,test71410
dummy71411,test71411
dummy71412,test71412
dummy71413,test71413
dummy71414,test71414
dummy71415,test71415
dummy71416,test71416
dummy71417,test71417
dummy71418,test71418
dummy71419,test71419
dummy71420,test71420
dummy71421,test71421
dummy71422,test71422
dummy71423,test71423
dummy71424,test71424
dummy71425,test71425
dummy71426,test71426
dummy71427,test71427
dummy71428,test71428
dummy71429,test71429
dummy71430,test71430
dummy71431,test71431
dummy71432,test71432
dummy71433,test71433
dummy71434,test71434
dummy71435,test71435
dummy71436,test71436
dummy71437,test71437
dummy71438,test71438
dummy71439,test71439
dummy71440,test71440
dummy71441,test71441
dummy71442,test71442
dummy71443,test71443
dummy71444,test71444
dummy71445,test71445
dummy71446,test71446
dummy71447,test71447
dummy71448,test71448
dummy71449,test71449
dummy71450,test71450
dummy71451,test71451
dummy71452,test71452
dummy71453,test71453
dummy71454,test71454
dummy71455,test71455
dummy71456,test71456
dummy71457,test71457
dummy71458,test71458
dummy71459,test71459
dummy71460,test71460
dummy71461,test71461
dummy71462,test71462
dummy71463,test71463
dummy71464,test71464
dummy71465,test71465
dummy71466,test71466
dummy71467,test71467
dummy71468,test71468
dummy71469,test71469
dummy71470,test71470
dummy71471,test71471
dummy71472,test71472
dummy71473,test71473
dummy71474,test71474
dummy71475,test71475
dummy71476,test71476
dummy71477,test71477
dummy71478,test71478
dummy71479,test71479
dummy71480,test71480
dummy71481,test71481
dummy71482,test71482
dummy71483,test71483
dummy71484,test71484
dummy71485,test71485
dummy71486,test71486
dummy71487,test71487
dummy71488,test71488
dummy71489,test71489
dummy71490,test71490
dummy71491,test71491
dummy71492,test71492
dummy71493,test71493
dummy71494,test71494
dummy71495,test71495
dummy71496,test71496
dummy71497,test71497
dummy71498,test71498
dummy71499,test71499
dummy71500,test71500
dummy71501,test71501
dummy71502,test71502
dummy71503,test71503
dummy71504,test71504
dummy71505,test71505
dummy71506,test71506
dummy71507,test71507
dummy71508,test71508
dummy71509,test71509
dummy71510,test71510
dummy71511,test71511
dummy71512,test71512
dummy71513,test71513
dummy71514,test71514
dummy71515,test71515
dummy71516,test71516
dummy71517,test71517
dummy71518,test71518
dummy71519,test71519
dummy71520,test71520
dummy71521,test71521
dummy71522,test71522
dummy71523,test71523
dummy71524,test71524
dummy71525,test71525
dummy71526,test71526
dummy71527,test71527
dummy71528,test71528
dummy71529,test71529
dummy71530,test71530
dummy71531,test71531
dummy71532,test71532
dummy71533,test71533
dummy71534,test71534
dummy71535,test71535
dummy71536,test71536
dummy71537,test71537
dummy71538,test71538
dummy71539,test71539
dummy71540,test71540
dummy71541,test71541
dummy71542,test71542
dummy71543,test71543
dummy71544,test71544
dummy71545,test71545
dummy71546,test71546
dummy71547,test71547
dummy71548,test71548
dummy71549,test71549
dummy71550,test71550
dummy71551,test71551
dummy71552,test71552
dummy71553,test71553
dummy71554,test71554
dummy71555,test71555
dummy71556,test71556
dummy71557,test71557
dummy71558,test71558
dummy71559,test71559
dummy71560,test71560
dummy71561,test71561
dummy71562,test71562
dummy71563,test71563
dummy71564,test71564
dummy71565,test71565
dummy71566,test71566
dummy71567,test71567
dummy71568,test71568
dummy71569,test71569
dummy71570,test71570
dummy71571,test71571
dummy71572,test71572
dummy71573,test71573
dummy71574,test71574
dummy71575,test71575
dummy71576,test71576
dummy71577,test71577
dummy71578,test71578
dummy71579,test71579
dummy71580,test71580
dummy71581,test71581
dummy71582,test71582
dummy71583,test71583
dummy71584,test71584
dummy71585,test71585
dummy71586,test71586
dummy71587,test71587
dummy71588,test71588
dummy71589,test71589
dummy71590,test71590
dummy71591,test71591
dummy71592,test71592
dummy71593,test71593
dummy71594,test71594
dummy71595,test71595
dummy71596,test71596
dummy71597,test71597
dummy71598,test71598
dummy71599,test71599
dummy71600,test71600
dummy71601,test71601
dummy71602,test71602
dummy71603,test71603
dummy71604,test71604
dummy71605,test71605
dummy71606,test71606
dummy71607,test71607
dummy71608,test71608
dummy71609,test71609
dummy71610,test71610
dummy71611,test71611
dummy71612,test71612
dummy71613,test71613
dummy71614,test71614
dummy71615,test71615
dummy71616,test71616
dummy71617,test71617
dummy71618,test71618
dummy71619,test71619
dummy71620,test71620
dummy71621,test71621
dummy71622,test71622
dummy71623,test71623
dummy71624,test71624
dummy71625,test71625
dummy71626,test71626
dummy71627,test71627
dummy71628,test71628
dummy71629,test71629
dummy71630,test71630
dummy71631,test71631
dummy71632,test71632
dummy71633,test71633
dummy71634,test71634
dummy71635,test71635
dummy71636,test71636
dummy71637,test71637
dummy71638,test71638
dummy71639,test71639
dummy71640,test71640
dummy71641,test71641
dummy71642,test71642
dummy71643,test71643
dummy71644,test71644
dummy71645,test71645
dummy71646,test71646
dummy71647,test71647
dummy71648,test71648
dummy71649,test71649
dummy71650,test71650
dummy71651,test71651
dummy71652,test71652
dummy71653,test71653
dummy71654,test71654
dummy71655,test71655
dummy71656,test71656
dummy71657,test71657
dummy71658,test71658
dummy71659,test71659
dummy71660,test71660
dummy71661,test71661
dummy71662,test71662
dummy71663,test71663
dummy71664,test71664
dummy71665,test71665
dummy71666,test71666
dummy71667,test71667
dummy71668,test71668
dummy71669,test71669
dummy71670,test71670
dummy71671,test71671
dummy71672,test71672
dummy71673,test71673
dummy71674,test71674
dummy71675,test71675
dummy71676,test71676
dummy71677,test71677
dummy71678,test71678
dummy71679,test71679
dummy71680,test71680
dummy71681,test71681
dummy71682,test71682
dummy71683,test71683
dummy71684,test71684
dummy71685,test71685
dummy71686,test71686
dummy71687,test71687
dummy71688,test71688
dummy71689,test71689
dummy71690,test71690
dummy71691,test71691
dummy71692,test71692
dummy71693,test71693
dummy71694,test71694
dummy71695,test71695
dummy71696,test71696
dummy71697,test71697
dummy71698,test71698
dummy71699,test71699
dummy71700,test71700
dummy71701,test71701
dummy71702,test71702
dummy71703,test71703
dummy71704,test71704
dummy71705,test71705
dummy71706,test71706
dummy71707,test71707
dummy71708,test71708
dummy71709,test71709
dummy71710,test71710
dummy71711,test71711
dummy71712,test71712
dummy71713,test71713
dummy71714,test71714
dummy71715,test71715
dummy71716,test71716
dummy71717,test71717
dummy71718,test71718
dummy71719,test71719
dummy71720,test71720
dummy71721,test71721
dummy71722,test71722
dummy71723,test71723
dummy71724,test71724
dummy71725,test71725
dummy71726,test71726
dummy71727,test71727
dummy71728,test71728
dummy71729,test71729
dummy71730,test71730
dummy71731,test71731
dummy71732,test71732
dummy71733,test71733
dummy71734,test71734
dummy71735,test71735
dummy71736,test71736
dummy71737,test71737
dummy71738,test71738
dummy71739,test71739
dummy71740,test71740
dummy71741,test71741
dummy71742,test71742
dummy71743,test71743
dummy71744,test71744
dummy71745,test71745
dummy71746,test71746
dummy71747,test71747
dummy71748,test71748
dummy71749,test71749
dummy71750,test71750
dummy71751,test71751
dummy71752,test71752
dummy71753,test71753
dummy71754,test71754
dummy71755,test71755
dummy71756,test71756
dummy71757,test71757
dummy71758,test71758
dummy71759,test71759
dummy71760,test71760
dummy71761,test71761
dummy71762,test71762
dummy71763,test71763
dummy71764,test71764
dummy71765,test71765
dummy71766,test71766
dummy71767,test71767
dummy71768,test71768
dummy71769,test71769
dummy71770,test71770
dummy71771,test71771
dummy71772,test71772
dummy71773,test71773
dummy71774,test71774
dummy71775,test71775
dummy71776,test71776
dummy71777,test71777
dummy71778,test71778
dummy71779,test71779
dummy71780,test71780
dummy71781,test71781
dummy71782,test71782
dummy71783,test71783
dummy71784,test71784
dummy71785,test71785
dummy71786,test71786
dummy71787,test71787
dummy71788,test71788
dummy71789,test71789
dummy71790,test71790
dummy71791,test71791
dummy71792,test71792
dummy71793,test71793
dummy71794,test71794
dummy71795,test71795
dummy71796,test71796
dummy71797,test71797
dummy71798,test71798
dummy71799,test71799
dummy71800,test71800
dummy71801,test71801
dummy71802,test71802
dummy71803,test71803
dummy71804,test71804
dummy71805,test71805
dummy71806,test71806
dummy71807,test71807
dummy71808,test71808
dummy71809,test71809
dummy71810,test71810
dummy71811,test71811
dummy71812,test71812
dummy71813,test71813
dummy71814,test71814
dummy71815,test71815
dummy71816,test71816
dummy71817,test71817
dummy71818,test71818
dummy71819,test71819
dummy71820,test71820
dummy71821,test71821
dummy71822,test71822
dummy71823,test71823
dummy71824,test71824
dummy71825,test71825
dummy71826,test71826
dummy71827,test71827
dummy71828,test71828
dummy71829,test71829
dummy71830,test71830
dummy71831,test71831
dummy71832,test71832
dummy71833,test71833
dummy71834,test71834
dummy71835,test71835
dummy71836,test71836
dummy71837,test71837
dummy71838,test71838
dummy71839,test71839
dummy71840,test71840
dummy71841,test71841
dummy71842,test71842
dummy71843,test71843
dummy71844,test71844
dummy71845,test71845
dummy71846,test71846
dummy71847,test71847
dummy71848,test71848
dummy71849,test71849
dummy71850,test71850
dummy71851,test71851
dummy71852,test71852
dummy71853,test71853
dummy71854,test71854
dummy71855,test71855
dummy71856,test71856
dummy71857,test71857
dummy71858,test71858
dummy71859,test71859
dummy71860,test71860
dummy71861,test71861
dummy71862,test71862
dummy71863,test71863
dummy71864,test71864
dummy71865,test71865
dummy71866,test71866
dummy71867,test71867
dummy71868,test71868
dummy71869,test71869
dummy71870,test71870
dummy71871,test71871
dummy71872,test71872
dummy71873,test71873
dummy71874,test71874
dummy71875,test71875
dummy71876,test71876
dummy71877,test71877
dummy71878,test71878
dummy71879,test71879
dummy71880,test71880
dummy71881,test71881
dummy71882,test71882
dummy71883,test71883
dummy71884,test71884
dummy71885,test71885
dummy71886,test71886
dummy71887,test71887
dummy71888,test71888
dummy71889,test71889
dummy71890,test71890
dummy71891,test71891
dummy71892,test71892
dummy71893,test71893
dummy71894,test71894
dummy71895,test71895
dummy71896,test71896
dummy71897,test71897
dummy71898,test71898
dummy71899,test71899
dummy71900,test71900
dummy71901,test71901
dummy71902,test71902
dummy71903,test71903
dummy71904,test71904
dummy71905,test71905
dummy71906,test71906
dummy71907,test71907
dummy71908,test71908
dummy71909,test71909
dummy71910,test71910
dummy71911,test71911
dummy71912,test71912
dummy71913,test71913
dummy71914,test71914
dummy71915,test71915
dummy71916,test71916
dummy71917,test71917
dummy71918,test71918
dummy71919,test71919
dummy71920,test71920
dummy71921,test71921
dummy71922,test71922
dummy71923,test71923
dummy71924,test71924
dummy71925,test71925
dummy71926,test71926
dummy71927,test71927
dummy71928,test71928
dummy71929,test71929
dummy71930,test71930
dummy71931,test71931
dummy71932,test71932
dummy71933,test71933
dummy71934,test71934
dummy71935,test71935
dummy71936,test71936
dummy71937,test71937
dummy71938,test71938
dummy71939,test71939
dummy71940,test71940
dummy71941,test71941
dummy71942,test71942
dummy71943,test71943
dummy71944,test71944
dummy71945,test71945
dummy71946,test71946
dummy71947,test71947
dummy71948,test71948
dummy71949,test71949
dummy71950,test71950
dummy71951,test71951
dummy71952,test71952
dummy71953,test71953
dummy71954,test71954
dummy71955,test71955
dummy71956,test71956
dummy71957,test71957
dummy71958,test71958
dummy71959,test71959
dummy71960,test71960
dummy71961,test71961
dummy71962,test71962
dummy71963,test71963
dummy71964,test71964
dummy71965,test71965
dummy71966,test71966
dummy71967,test71967
dummy71968,test71968
dummy71969,test71969
dummy71970,test71970
dummy71971,test71971
dummy71972,test71972
dummy71973,test71973
dummy71974,test71974
dummy71975,test71975
dummy71976,test71976
dummy71977,test71977
dummy71978,test71978
dummy71979,test71979
dummy71980,test71980
dummy71981,test71981
dummy71982,test71982
dummy71983,test71983
dummy71984,test71984
dummy71985,test71985
dummy71986,test71986
dummy71987,test71987
dummy71988,test71988
dummy71989,test71989
dummy71990,test71990
dummy71991,test71991
dummy71992,test71992
dummy71993,test71993
dummy71994,test71994
dummy71995,test71995
dummy71996,test71996
dummy71997,test71997
dummy71998,test71998
dummy71999,test71999
dummy72000,test72000
dummy72001,test72001
dummy72002,test72002
dummy72003,test72003
dummy72004,test72004
dummy72005,test72005
dummy72006,test72006
dummy72007,test72007
dummy72008,test72008
dummy72009,test72009
dummy72010,test72010
dummy72011,test72011
dummy72012,test72012
dummy72013,test72013
dummy72014,test72014
dummy72015,test72015
dummy72016,test72016
dummy72017,test72017
dummy72018,test72018
dummy72019,test72019
dummy72020,test72020
dummy72021,test72021
dummy72022,test72022
dummy72023,test72023
dummy72024,test72024
dummy72025,test72025
dummy72026,test72026
dummy72027,test72027
dummy72028,test72028
dummy72029,test72029
dummy72030,test72030
dummy72031,test72031
dummy72032,test72032
dummy72033,test72033
dummy72034,test72034
dummy72035,test72035
dummy72036,test72036
dummy72037,test72037
dummy72038,test72038
dummy72039,test72039
dummy72040,test72040
dummy72041,test72041
dummy72042,test72042
dummy72043,test72043
dummy72044,test72044
dummy72045,test72045
dummy72046,test72046
dummy72047,test72047
dummy72048,test72048
dummy72049,test72049
dummy72050,test72050
dummy72051,test72051
dummy72052,test72052
dummy72053,test72053
dummy72054,test72054
dummy72055,test72055
dummy72056,test72056
dummy72057,test72057
dummy72058,test72058
dummy72059,test72059
dummy72060,test72060
dummy72061,test72061
dummy72062,test72062
dummy72063,test72063
dummy72064,test72064
dummy72065,test72065
dummy72066,test72066
dummy72067,test72067
dummy72068,test72068
dummy72069,test72069
dummy72070,test72070
dummy72071,test72071
dummy72072,test72072
dummy72073,test72073
dummy72074,test72074
dummy72075,test72075
dummy72076,test72076
dummy72077,test72077
dummy72078,test72078
dummy72079,test72079
dummy72080,test72080
dummy72081,test72081
dummy72082,test72082
dummy72083,test72083
dummy72084,test72084
dummy72085,test72085
dummy72086,test72086
dummy72087,test72087
dummy72088,test72088
dummy72089,test72089
dummy72090,test72090
dummy72091,test72091
dummy72092,test72092
dummy72093,test72093
dummy72094,test72094
dummy72095,test72095
dummy72096,test72096
dummy72097,test72097
dummy72098,test72098
dummy72099,test72099
dummy72100,test72100
dummy72101,test72101
dummy72102,test72102
dummy72103,test72103
dummy72104,test72104
dummy72105,test72105
dummy72106,test72106
dummy72107,test72107
dummy72108,test72108
dummy72109,test72109
dummy72110,test72110
dummy72111,test72111
dummy72112,test72112
dummy72113,test72113
dummy72114,test72114
dummy72115,test72115
dummy72116,test72116
dummy72117,test72117
dummy72118,test72118
dummy72119,test72119
dummy72120,test72120
dummy72121,test72121
dummy72122,test72122
dummy72123,test72123
dummy72124,test72124
dummy72125,test72125
dummy72126,test72126
dummy72127,test72127
dummy72128,test72128
dummy72129,test72129
dummy72130,test72130
dummy72131,test72131
dummy72132,test72132
dummy72133,test72133
dummy72134,test72134
dummy72135,test72135
dummy72136,test72136
dummy72137,test72137
dummy72138,test72138
dummy72139,test72139
dummy72140,test72140
dummy72141,test72141
dummy72142,test72142
dummy72143,test72143
dummy72144,test72144
dummy72145,test72145
dummy72146,test72146
dummy72147,test72147
dummy72148,test72148
dummy72149,test72149
dummy72150,test72150
dummy72151,test72151
dummy72152,test72152
dummy72153,test72153
dummy72154,test72154
dummy72155,test72155
dummy72156,test72156
dummy72157,test72157
dummy72158,test72158
dummy72159,test72159
dummy72160,test72160
dummy72161,test72161
dummy72162,test72162
dummy72163,test72163
dummy72164,test72164
dummy72165,test72165
dummy72166,test72166
dummy72167,test72167
dummy72168,test72168
dummy72169,test72169
dummy72170,test72170
dummy72171,test72171
dummy72172,test72172
dummy72173,test72173
dummy72174,test72174
dummy72175,test72175
dummy72176,test72176
dummy72177,test72177
dummy72178,test72178
dummy72179,test72179
dummy72180,test72180
dummy72181,test72181
dummy72182,test72182
dummy72183,test72183
dummy72184,test72184
dummy72185,test72185
dummy72186,test72186
dummy72187,test72187
dummy72188,test72188
dummy72189,test72189
dummy72190,test72190
dummy72191,test72191
dummy72192,test72192
dummy72193,test72193
dummy72194,test72194
dummy72195,test72195
dummy72196,test72196
dummy72197,test72197
dummy72198,test72198
dummy72199,test72199
dummy72200,test72200
dummy72201,test72201
dummy72202,test72202
dummy72203,test72203
dummy72204,test72204
dummy72205,test72205
dummy72206,test72206
dummy72207,test72207
dummy72208,test72208
dummy72209,test72209
dummy72210,test72210
dummy72211,test72211
dummy72212,test72212
dummy72213,test72213
dummy72214,test72214
dummy72215,test72215
dummy72216,test72216
dummy72217,test72217
dummy72218,test72218
dummy72219,test72219
dummy72220,test72220
dummy72221,test72221
dummy72222,test72222
dummy72223,test72223
dummy72224,test72224
dummy72225,test72225
dummy72226,test72226
dummy72227,test72227
dummy72228,test72228
dummy72229,test72229
dummy72230,test72230
dummy72231,test72231
dummy72232,test72232
dummy72233,test72233
dummy72234,test72234
dummy72235,test72235
dummy72236,test72236
dummy72237,test72237
dummy72238,test72238
dummy72239,test72239
dummy72240,test72240
dummy72241,test72241
dummy72242,test72242
dummy72243,test72243
dummy72244,test72244
dummy72245,test72245
dummy72246,test72246
dummy72247,test72247
dummy72248,test72248
dummy72249,test72249
dummy72250,test72250
dummy72251,test72251
dummy72252,test72252
dummy72253,test72253
dummy72254,test72254
dummy72255,test72255
dummy72256,test72256
dummy72257,test72257
dummy72258,test72258
dummy72259,test72259
dummy72260,test72260
dummy72261,test72261
dummy72262,test72262
dummy72263,test72263
dummy72264,test72264
dummy72265,test72265
dummy72266,test72266
dummy72267,test72267
dummy72268,test72268
dummy72269,test72269
dummy72270,test72270
dummy72271,test72271
dummy72272,test72272
dummy72273,test72273
dummy72274,test72274
dummy72275,test72275
dummy72276,test72276
dummy72277,test72277
dummy72278,test72278
dummy72279,test72279
dummy72280,test72280
dummy72281,test72281
dummy72282,test72282
dummy72283,test72283
dummy72284,test72284
dummy72285,test72285
dummy72286,test72286
dummy72287,test72287
dummy72288,test72288
dummy72289,test72289
dummy72290,test72290
dummy72291,test72291
dummy72292,test72292
dummy72293,test72293
dummy72294,test72294
dummy72295,test72295
dummy72296,test72296
dummy72297,test72297
dummy72298,test72298
dummy72299,test72299
dummy72300,test72300
dummy72301,test72301
dummy72302,test72302
dummy72303,test72303
dummy72304,test72304
dummy72305,test72305
dummy72306,test72306
dummy72307,test72307
dummy72308,test72308
dummy72309,test72309
dummy72310,test72310
dummy72311,test72311
dummy72312,test72312
dummy72313,test72313
dummy72314,test72314
dummy72315,test72315
dummy72316,test72316
dummy72317,test72317
dummy72318,test72318
dummy72319,test72319
dummy72320,test72320
dummy72321,test72321
dummy72322,test72322
dummy72323,test72323
dummy72324,test72324
dummy72325,test72325
dummy72326,test72326
dummy72327,test72327
dummy72328,test72328
dummy72329,test72329
dummy72330,test72330
dummy72331,test72331
dummy72332,test72332
dummy72333,test72333
dummy72334,test72334
dummy72335,test72335
dummy72336,test72336
dummy72337,test72337
dummy72338,test72338
dummy72339,test72339
dummy72340,test72340
dummy72341,test72341
dummy72342,test72342
dummy72343,test72343
dummy72344,test72344
dummy72345,test72345
dummy72346,test72346
dummy72347,test72347
dummy72348,test72348
dummy72349,test72349
dummy72350,test72350
dummy72351,test72351
dummy72352,test72352
dummy72353,test72353
dummy72354,test72354
dummy72355,test72355
dummy72356,test72356
dummy72357,test72357
dummy72358,test72358
dummy72359,test72359
dummy72360,test72360
dummy72361,test72361
dummy72362,test72362
dummy72363,test72363
dummy72364,test72364
dummy72365,test72365
dummy72366,test72366
dummy72367,test72367
dummy72368,test72368
dummy72369,test72369
dummy72370,test72370
dummy72371,test72371
dummy72372,test72372
dummy72373,test72373
dummy72374,test72374
dummy72375,test72375
dummy72376,test72376
dummy72377,test72377
dummy72378,test72378
dummy72379,test72379
dummy72380,test72380
dummy72381,test72381
dummy72382,test72382
dummy72383,test72383
dummy72384,test72384
dummy72385,test72385
dummy72386,test72386
dummy72387,test72387
dummy72388,test72388
dummy72389,test72389
dummy72390,test72390
dummy72391,test72391
dummy72392,test72392
dummy72393,test72393
dummy72394,test72394
dummy72395,test72395
dummy72396,test72396
dummy72397,test72397
dummy72398,test72398
dummy72399,test72399
dummy72400,test72400
dummy72401,test72401
dummy72402,test72402
dummy72403,test72403
dummy72404,test72404
dummy72405,test72405
dummy72406,test72406
dummy72407,test72407
dummy72408,test72408
dummy72409,test72409
dummy72410,test72410
dummy72411,test72411
dummy72412,test72412
dummy72413,test72413
dummy72414,test72414
dummy72415,test72415
dummy72416,test72416
dummy72417,test72417
dummy72418,test72418
dummy72419,test72419
dummy72420,test72420
dummy72421,test72421
dummy72422,test72422
dummy72423,test72423
dummy72424,test72424
dummy72425,test72425
dummy72426,test72426
dummy72427,test72427
dummy72428,test72428
dummy72429,test72429
dummy72430,test72430
dummy72431,test72431
dummy72432,test72432
dummy72433,test72433
dummy72434,test72434
dummy72435,test72435
dummy72436,test72436
dummy72437,test72437
dummy72438,test72438
dummy72439,test72439
dummy72440,test72440
dummy72441,test72441
dummy72442,test72442
dummy72443,test72443
dummy72444,test72444
dummy72445,test72445
dummy72446,test72446
dummy72447,test72447
dummy72448,test72448
dummy72449,test72449
dummy72450,test72450
dummy72451,test72451
dummy72452,test72452
dummy72453,test72453
dummy72454,test72454
dummy72455,test72455
dummy72456,test72456
dummy72457,test72457
dummy72458,test72458
dummy72459,test72459
dummy72460,test72460
dummy72461,test72461
dummy72462,test72462
dummy72463,test72463
dummy72464,test72464
dummy72465,test72465
dummy72466,test72466
dummy72467,test72467
dummy72468,test72468
dummy72469,test72469
dummy72470,test72470
dummy72471,test72471
dummy72472,test72472
dummy72473,test72473
dummy72474,test72474
dummy72475,test72475
dummy72476,test72476
dummy72477,test72477
dummy72478,test72478
dummy72479,test72479
dummy72480,test72480
dummy72481,test72481
dummy72482,test72482
dummy72483,test72483
dummy72484,test72484
dummy72485,test72485
dummy72486,test72486
dummy72487,test72487
dummy72488,test72488
dummy72489,test72489
dummy72490,test72490
dummy72491,test72491
dummy72492,test72492
dummy72493,test72493
dummy72494,test72494
dummy72495,test72495
dummy72496,test72496
dummy72497,test72497
dummy72498,test72498
dummy72499,test72499
dummy72500,test72500
dummy72501,test72501
dummy72502,test72502
dummy72503,test72503
dummy72504,test72504
dummy72505,test72505
dummy72506,test72506
dummy72507,test72507
dummy72508,test72508
dummy72509,test72509
dummy72510,test72510
dummy72511,test72511
dummy72512,test72512
dummy72513,test72513
dummy72514,test72514
dummy72515,test72515
dummy72516,test72516
dummy72517,test72517
dummy72518,test72518
dummy72519,test72519
dummy72520,test72520
dummy72521,test72521
dummy72522,test72522
dummy72523,test72523
dummy72524,test72524
dummy72525,test72525
dummy72526,test72526
dummy72527,test72527
dummy72528,test72528
dummy72529,test72529
dummy72530,test72530
dummy72531,test72531
dummy72532,test72532
dummy72533,test72533
dummy72534,test72534
dummy72535,test72535
dummy72536,test72536
dummy72537,test72537
dummy72538,test72538
dummy72539,test72539
dummy72540,test72540
dummy72541,test72541
dummy72542,test72542
dummy72543,test72543
dummy72544,test72544
dummy72545,test72545
dummy72546,test72546
dummy72547,test72547
dummy72548,test72548
dummy72549,test72549
dummy72550,test72550
dummy72551,test72551
dummy72552,test72552
dummy72553,test72553
dummy72554,test72554
dummy72555,test72555
dummy72556,test72556
dummy72557,test72557
dummy72558,test72558
dummy72559,test72559
dummy72560,test72560
dummy72561,test72561
dummy72562,test72562
dummy72563,test72563
dummy72564,test72564
dummy72565,test72565
dummy72566,test72566
dummy72567,test72567
dummy72568,test72568
dummy72569,test72569
dummy72570,test72570
dummy72571,test72571
dummy72572,test72572
dummy72573,test72573
dummy72574,test72574
dummy72575,test72575
dummy72576,test72576
dummy72577,test72577
dummy72578,test72578
dummy72579,test72579
dummy72580,test72580
dummy72581,test72581
dummy72582,test72582
dummy72583,test72583
dummy72584,test72584
dummy72585,test72585
dummy72586,test72586
dummy72587,test72587
dummy72588,test72588
dummy72589,test72589
dummy72590,test72590
dummy72591,test72591
dummy72592,test72592
dummy72593,test72593
dummy72594,test72594
dummy72595,test72595
dummy72596,test72596
dummy72597,test72597
dummy72598,test72598
dummy72599,test72599
dummy72600,test72600
dummy72601,test72601
dummy72602,test72602
dummy72603,test72603
dummy72604,test72604
dummy72605,test72605
dummy72606,test72606
dummy72607,test72607
dummy72608,test72608
dummy72609,test72609
dummy72610,test72610
dummy72611,test72611
dummy72612,test72612
dummy72613,test72613
dummy72614,test72614
dummy72615,test72615
dummy72616,test72616
dummy72617,test72617
dummy72618,test72618
dummy72619,test72619
dummy72620,test72620
dummy72621,test72621
dummy72622,test72622
dummy72623,test72623
dummy72624,test72624
dummy72625,test72625
dummy72626,test72626
dummy72627,test72627
dummy72628,test72628
dummy72629,test72629
dummy72630,test72630
dummy72631,test72631
dummy72632,test72632
dummy72633,test72633
dummy72634,test72634
dummy72635,test72635
dummy72636,test72636
dummy72637,test72637
dummy72638,test72638
dummy72639,test72639
dummy72640,test72640
dummy72641,test72641
dummy72642,test72642
dummy72643,test72643
dummy72644,test72644
dummy72645,test72645
dummy72646,test72646
dummy72647,test72647
dummy72648,test72648
dummy72649,test72649
dummy72650,test72650
dummy72651,test72651
dummy72652,test72652
dummy72653,test72653
dummy72654,test72654
dummy72655,test72655
dummy72656,test72656
dummy72657,test72657
dummy72658,test72658
dummy72659,test72659
dummy72660,test72660
dummy72661,test72661
dummy72662,test72662
dummy72663,test72663
dummy72664,test72664
dummy72665,test72665
dummy72666,test72666
dummy72667,test72667
dummy72668,test72668
dummy72669,test72669
dummy72670,test72670
dummy72671,test72671
dummy72672,test72672
dummy72673,test72673
dummy72674,test72674
dummy72675,test72675
dummy72676,test72676
dummy72677,test72677
dummy72678,test72678
dummy72679,test72679
dummy72680,test72680
dummy72681,test72681
dummy72682,test72682
dummy72683,test72683
dummy72684,test72684
dummy72685,test72685
dummy72686,test72686
dummy72687,test72687
dummy72688,test72688
dummy72689,test72689
dummy72690,test72690
dummy72691,test72691
dummy72692,test72692
dummy72693,test72693
dummy72694,test72694
dummy72695,test72695
dummy72696,test72696
dummy72697,test72697
dummy72698,test72698
dummy72699,test72699
dummy72700,test72700
dummy72701,test72701
dummy72702,test72702
dummy72703,test72703
dummy72704,test72704
dummy72705,test72705
dummy72706,test72706
dummy72707,test72707
dummy72708,test72708
dummy72709,test72709
dummy72710,test72710
dummy72711,test72711
dummy72712,test72712
dummy72713,test72713
dummy72714,test72714
dummy72715,test72715
dummy72716,test72716
dummy72717,test72717
dummy72718,test72718
dummy72719,test72719
dummy72720,test72720
dummy72721,test72721
dummy72722,test72722
dummy72723,test72723
dummy72724,test72724
dummy72725,test72725
dummy72726,test72726
dummy72727,test72727
dummy72728,test72728
dummy72729,test72729
dummy72730,test72730
dummy72731,test72731
dummy72732,test72732
dummy72733,test72733
dummy72734,test72734
dummy72735,test72735
dummy72736,test72736
dummy72737,test72737
dummy72738,test72738
dummy72739,test72739
dummy72740,test72740
dummy72741,test72741
dummy72742,test72742
dummy72743,test72743
dummy72744,test72744
dummy72745,test72745
dummy72746,test72746
dummy72747,test72747
dummy72748,test72748
dummy72749,test72749
dummy72750,test72750
dummy72751,test72751
dummy72752,test72752
dummy72753,test72753
dummy72754,test72754
dummy72755,test72755
dummy72756,test72756
dummy72757,test72757
dummy72758,test72758
dummy72759,test72759
dummy72760,test72760
dummy72761,test72761
dummy72762,test72762
dummy72763,test72763
dummy72764,test72764
dummy72765,test72765
dummy72766,test72766
dummy72767,test72767
dummy72768,test72768
dummy72769,test72769
dummy72770,test72770
dummy72771,test72771
dummy72772,test72772
dummy72773,test72773
dummy72774,test72774
dummy72775,test72775
dummy72776,test72776
dummy72777,test72777
dummy72778,test72778
dummy72779,test72779
dummy72780,test72780
dummy72781,test72781
dummy72782,test72782
dummy72783,test72783
dummy72784,test72784
dummy72785,test72785
dummy72786,test72786
dummy72787,test72787
dummy72788,test72788
dummy72789,test72789
dummy72790,test72790
dummy72791,test72791
dummy72792,test72792
dummy72793,test72793
dummy72794,test72794
dummy72795,test72795
dummy72796,test72796
dummy72797,test72797
dummy72798,test72798
dummy72799,test72799
dummy72800,test72800
dummy72801,test72801
dummy72802,test72802
dummy72803,test72803
dummy72804,test72804
dummy72805,test72805
dummy72806,test72806
dummy72807,test72807
dummy72808,test72808
dummy72809,test72809
dummy72810,test72810
dummy72811,test72811
dummy72812,test72812
dummy72813,test72813
dummy72814,test72814
dummy72815,test72815
dummy72816,test72816
dummy72817,test72817
dummy72818,test72818
dummy72819,test72819
dummy72820,test72820
dummy72821,test72821
dummy72822,test72822
dummy72823,test72823
dummy72824,test72824
dummy72825,test72825
dummy72826,test72826
dummy72827,test72827
dummy72828,test72828
dummy72829,test72829
dummy72830,test72830
dummy72831,test72831
dummy72832,test72832
dummy72833,test72833
dummy72834,test72834
dummy72835,test72835
dummy72836,test72836
dummy72837,test72837
dummy72838,test72838
dummy72839,test72839
dummy72840,test72840
dummy72841,test72841
dummy72842,test72842
dummy72843,test72843
dummy72844,test72844
dummy72845,test72845
dummy72846,test72846
dummy72847,test72847
dummy72848,test72848
dummy72849,test72849
dummy72850,test72850
dummy72851,test72851
dummy72852,test72852
dummy72853,test72853
dummy72854,test72854
dummy72855,test72855
dummy72856,test72856
dummy72857,test72857
dummy72858,test72858
dummy72859,test72859
dummy72860,test72860
dummy72861,test72861
dummy72862,test72862
dummy72863,test72863
dummy72864,test72864
dummy72865,test72865
dummy72866,test72866
dummy72867,test72867
dummy72868,test72868
dummy72869,test72869
dummy72870,test72870
dummy72871,test72871
dummy72872,test72872
dummy72873,test72873
dummy72874,test72874
dummy72875,test72875
dummy72876,test72876
dummy72877,test72877
dummy72878,test72878
dummy72879,test72879
dummy72880,test72880
dummy72881,test72881
dummy72882,test72882
dummy72883,test72883
dummy72884,test72884
dummy72885,test72885
dummy72886,test72886
dummy72887,test72887
dummy72888,test72888
dummy72889,test72889
dummy72890,test72890
dummy72891,test72891
dummy72892,test72892
dummy72893,test72893
dummy72894,test72894
dummy72895,test72895
dummy72896,test72896
dummy72897,test72897
dummy72898,test72898
dummy72899,test72899
dummy72900,test72900
dummy72901,test72901
dummy72902,test72902
dummy72903,test72903
dummy72904,test72904
dummy72905,test72905
dummy72906,test72906
dummy72907,test72907
dummy72908,test72908
dummy72909,test72909
dummy72910,test72910
dummy72911,test72911
dummy72912,test72912
dummy72913,test72913
dummy72914,test72914
dummy72915,test72915
dummy72916,test72916
dummy72917,test72917
dummy72918,test72918
dummy72919,test72919
dummy72920,test72920
dummy72921,test72921
dummy72922,test72922
dummy72923,test72923
dummy72924,test72924
dummy72925,test72925
dummy72926,test72926
dummy72927,test72927
dummy72928,test72928
dummy72929,test72929
dummy72930,test72930
dummy72931,test72931
dummy72932,test72932
dummy72933,test72933
dummy72934,test72934
dummy72935,test72935
dummy72936,test72936
dummy72937,test72937
dummy72938,test72938
dummy72939,test72939
dummy72940,test72940
dummy72941,test72941
dummy72942,test72942
dummy72943,test72943
dummy72944,test72944
dummy72945,test72945
dummy72946,test72946
dummy72947,test72947
dummy72948,test72948
dummy72949,test72949
dummy72950,test72950
dummy72951,test72951
dummy72952,test72952
dummy72953,test72953
dummy72954,test72954
dummy72955,test72955
dummy72956,test72956
dummy72957,test72957
dummy72958,test72958
dummy72959,test72959
dummy72960,test72960
dummy72961,test72961
dummy72962,test72962
dummy72963,test72963
dummy72964,test72964
dummy72965,test72965
dummy72966,test72966
dummy72967,test72967
dummy72968,test72968
dummy72969,test72969
dummy72970,test72970
dummy72971,test72971
dummy72972,test72972
dummy72973,test72973
dummy72974,test72974
dummy72975,test72975
dummy72976,test72976
dummy72977,test72977
dummy72978,test72978
dummy72979,test72979
dummy72980,test72980
dummy72981,test72981
dummy72982,test72982
dummy72983,test72983
dummy72984,test72984
dummy72985,test72985
dummy72986,test72986
dummy72987,test72987
dummy72988,test72988
dummy72989,test72989
dummy72990,test72990
dummy72991,test72991
dummy72992,test72992
dummy72993,test72993
dummy72994,test72994
dummy72995,test72995
dummy72996,test72996
dummy72997,test72997
dummy72998,test72998
dummy72999,test72999
dummy73000,test73000
dummy73001,test73001
dummy73002,test73002
dummy73003,test73003
dummy73004,test73004
dummy73005,test73005
dummy73006,test73006
dummy73007,test73007
dummy73008,test73008
dummy73009,test73009
dummy73010,test73010
dummy73011,test73011
dummy73012,test73012
dummy73013,test73013
dummy73014,test73014
dummy73015,test73015
dummy73016,test73016
dummy73017,test73017
dummy73018,test73018
dummy73019,test73019
dummy73020,test73020
dummy73021,test73021
dummy73022,test73022
dummy73023,test73023
dummy73024,test73024
dummy73025,test73025
dummy73026,test73026
dummy73027,test73027
dummy73028,test73028
dummy73029,test73029
dummy73030,test73030
dummy73031,test73031
dummy73032,test73032
dummy73033,test73033
dummy73034,test73034
dummy73035,test73035
dummy73036,test73036
dummy73037,test73037
dummy73038,test73038
dummy73039,test73039
dummy73040,test73040
dummy73041,test73041
dummy73042,test73042
dummy73043,test73043
dummy73044,test73044
dummy73045,test73045
dummy73046,test73046
dummy73047,test73047
dummy73048,test73048
dummy73049,test73049
dummy73050,test73050
dummy73051,test73051
dummy73052,test73052
dummy73053,test73053
dummy73054,test73054
dummy73055,test73055
dummy73056,test73056
dummy73057,test73057
dummy73058,test73058
dummy73059,test73059
dummy73060,test73060
dummy73061,test73061
dummy73062,test73062
dummy73063,test73063
dummy73064,test73064
dummy73065,test73065
dummy73066,test73066
dummy73067,test73067
dummy73068,test73068
dummy73069,test73069
dummy73070,test73070
dummy73071,test73071
dummy73072,test73072
dummy73073,test73073
dummy73074,test73074
dummy73075,test73075
dummy73076,test73076
dummy73077,test73077
dummy73078,test73078
dummy73079,test73079
dummy73080,test73080
dummy73081,test73081
dummy73082,test73082
dummy73083,test73083
dummy73084,test73084
dummy73085,test73085
dummy73086,test73086
dummy73087,test73087
dummy73088,test73088
dummy73089,test73089
dummy73090,test73090
dummy73091,test73091
dummy73092,test73092
dummy73093,test73093
dummy73094,test73094
dummy73095,test73095
dummy73096,test73096
dummy73097,test73097
dummy73098,test73098
dummy73099,test73099
dummy73100,test73100
dummy73101,test73101
dummy73102,test73102
dummy73103,test73103
dummy73104,test73104
dummy73105,test73105
dummy73106,test73106
dummy73107,test73107
dummy73108,test73108
dummy73109,test73109
dummy73110,test73110
dummy73111,test73111
dummy73112,test73112
dummy73113,test73113
dummy73114,test73114
dummy73115,test73115
dummy73116,test73116
dummy73117,test73117
dummy73118,test73118
dummy73119,test73119
dummy73120,test73120
dummy73121,test73121
dummy73122,test73122
dummy73123,test73123
dummy73124,test73124
dummy73125,test73125
dummy73126,test73126
dummy73127,test73127
dummy73128,test73128
dummy73129,test73129
dummy73130,test73130
dummy73131,test73131
dummy73132,test73132
dummy73133,test73133
dummy73134,test73134
dummy73135,test73135
dummy73136,test73136
dummy73137,test73137
dummy73138,test73138
dummy73139,test73139
dummy73140,test73140
dummy73141,test73141
dummy73142,test73142
dummy73143,test73143
dummy73144,test73144
dummy73145,test73145
dummy73146,test73146
dummy73147,test73147
dummy73148,test73148
dummy73149,test73149
dummy73150,test73150
dummy73151,test73151
dummy73152,test73152
dummy73153,test73153
dummy73154,test73154
dummy73155,test73155
dummy73156,test73156
dummy73157,test73157
dummy73158,test73158
dummy73159,test73159
dummy73160,test73160
dummy73161,test73161
dummy73162,test73162
dummy73163,test73163
dummy73164,test73164
dummy73165,test73165
dummy73166,test73166
dummy73167,test73167
dummy73168,test73168
dummy73169,test73169
dummy73170,test73170
dummy73171,test73171
dummy73172,test73172
dummy73173,test73173
dummy73174,test73174
dummy73175,test73175
dummy73176,test73176
dummy73177,test73177
dummy73178,test73178
dummy73179,test73179
dummy73180,test73180
dummy73181,test73181
dummy73182,test73182
dummy73183,test73183
dummy73184,test73184
dummy73185,test73185
dummy73186,test73186
dummy73187,test73187
dummy73188,test73188
dummy73189,test73189
dummy73190,test73190
dummy73191,test73191
dummy73192,test73192
dummy73193,test73193
dummy73194,test73194
dummy73195,test73195
dummy73196,test73196
dummy73197,test73197
dummy73198,test73198
dummy73199,test73199
dummy73200,test73200
dummy73201,test73201
dummy73202,test73202
dummy73203,test73203
dummy73204,test73204
dummy73205,test73205
dummy73206,test73206
dummy73207,test73207
dummy73208,test73208
dummy73209,test73209
dummy73210,test73210
dummy73211,test73211
dummy73212,test73212
dummy73213,test73213
dummy73214,test73214
dummy73215,test73215
dummy73216,test73216
dummy73217,test73217
dummy73218,test73218
dummy73219,test73219
dummy73220,test73220
dummy73221,test73221
dummy73222,test73222
dummy73223,test73223
dummy73224,test73224
dummy73225,test73225
dummy73226,test73226
dummy73227,test73227
dummy73228,test73228
dummy73229,test73229
dummy73230,test73230
dummy73231,test73231
dummy73232,test73232
dummy73233,test73233
dummy73234,test73234
dummy73235,test73235
dummy73236,test73236
dummy73237,test73237
dummy73238,test73238
dummy73239,test73239
dummy73240,test73240
dummy73241,test73241
dummy73242,test73242
dummy73243,test73243
dummy73244,test73244
dummy73245,test73245
dummy73246,test73246
dummy73247,test73247
dummy73248,test73248
dummy73249,test73249
dummy73250,test73250
dummy73251,test73251
dummy73252,test73252
dummy73253,test73253
dummy73254,test73254
dummy73255,test73255
dummy73256,test73256
dummy73257,test73257
dummy73258,test73258
dummy73259,test73259
dummy73260,test73260
dummy73261,test73261
dummy73262,test73262
dummy73263,test73263
dummy73264,test73264
dummy73265,test73265
dummy73266,test73266
dummy73267,test73267
dummy73268,test73268
dummy73269,test73269
dummy73270,test73270
dummy73271,test73271
dummy73272,test73272
dummy73273,test73273
dummy73274,test73274
dummy73275,test73275
dummy73276,test73276
dummy73277,test73277
dummy73278,test73278
dummy73279,test73279
dummy73280,test73280
dummy73281,test73281
dummy73282,test73282
dummy73283,test73283
dummy73284,test73284
dummy73285,test73285
dummy73286,test73286
dummy73287,test73287
dummy73288,test73288
dummy73289,test73289
dummy73290,test73290
dummy73291,test73291
dummy73292,test73292
dummy73293,test73293
dummy73294,test73294
dummy73295,test73295
dummy73296,test73296
dummy73297,test73297
dummy73298,test73298
dummy73299,test73299
dummy73300,test73300
dummy73301,test73301
dummy73302,test73302
dummy73303,test73303
dummy73304,test73304
dummy73305,test73305
dummy73306,test73306
dummy73307,test73307
dummy73308,test73308
dummy73309,test73309
dummy73310,test73310
dummy73311,test73311
dummy73312,test73312
dummy73313,test73313
dummy73314,test73314
dummy73315,test73315
dummy73316,test73316
dummy73317,test73317
dummy73318,test73318
dummy73319,test73319
dummy73320,test73320
dummy73321,test73321
dummy73322,test73322
dummy73323,test73323
dummy73324,test73324
dummy73325,test73325
dummy73326,test73326
dummy73327,test73327
dummy73328,test73328
dummy73329,test73329
dummy73330,test73330
dummy73331,test73331
dummy73332,test73332
dummy73333,test73333
dummy73334,test73334
dummy73335,test73335
dummy73336,test73336
dummy73337,test73337
dummy73338,test73338
dummy73339,test73339
dummy73340,test73340
dummy73341,test73341
dummy73342,test73342
dummy73343,test73343
dummy73344,test73344
dummy73345,test73345
dummy73346,test73346
dummy73347,test73347
dummy73348,test73348
dummy73349,test73349
dummy73350,test73350
dummy73351,test73351
dummy73352,test73352
dummy73353,test73353
dummy73354,test73354
dummy73355,test73355
dummy73356,test73356
dummy73357,test73357
dummy73358,test73358
dummy73359,test73359
dummy73360,test73360
dummy73361,test73361
dummy73362,test73362
dummy73363,test73363
dummy73364,test73364
dummy73365,test73365
dummy73366,test73366
dummy73367,test73367
dummy73368,test73368
dummy73369,test73369
dummy73370,test73370
dummy73371,test73371
dummy73372,test73372
dummy73373,test73373
dummy73374,test73374
dummy73375,test73375
dummy73376,test73376
dummy73377,test73377
dummy73378,test73378
dummy73379,test73379
dummy73380,test73380
dummy73381,test73381
dummy73382,test73382
dummy73383,test73383
dummy73384,test73384
dummy73385,test73385
dummy73386,test73386
dummy73387,test73387
dummy73388,test73388
dummy73389,test73389
dummy73390,test73390
dummy73391,test73391
dummy73392,test73392
dummy73393,test73393
dummy73394,test73394
dummy73395,test73395
dummy73396,test73396
dummy73397,test73397
dummy73398,test73398
dummy73399,test73399
dummy73400,test73400
dummy73401,test73401
dummy73402,test73402
dummy73403,test73403
dummy73404,test73404
dummy73405,test73405
dummy73406,test73406
dummy73407,test73407
dummy73408,test73408
dummy73409,test73409
dummy73410,test73410
dummy73411,test73411
dummy73412,test73412
dummy73413,test73413
dummy73414,test73414
dummy73415,test73415
dummy73416,test73416
dummy73417,test73417
dummy73418,test73418
dummy73419,test73419
dummy73420,test73420
dummy73421,test73421
dummy73422,test73422
dummy73423,test73423
dummy73424,test73424
dummy73425,test73425
dummy73426,test73426
dummy73427,test73427
dummy73428,test73428
dummy73429,test73429
dummy73430,test73430
dummy73431,test73431
dummy73432,test73432
dummy73433,test73433
dummy73434,test73434
dummy73435,test73435
dummy73436,test73436
dummy73437,test73437
dummy73438,test73438
dummy73439,test73439
dummy73440,test73440
dummy73441,test73441
dummy73442,test73442
dummy73443,test73443
dummy73444,test73444
dummy73445,test73445
dummy73446,test73446
dummy73447,test73447
dummy73448,test73448
dummy73449,test73449
dummy73450,test73450
dummy73451,test73451
dummy73452,test73452
dummy73453,test73453
dummy73454,test73454
dummy73455,test73455
dummy73456,test73456
dummy73457,test73457
dummy73458,test73458
dummy73459,test73459
dummy73460,test73460
dummy73461,test73461
dummy73462,test73462
dummy73463,test73463
dummy73464,test73464
dummy73465,test73465
dummy73466,test73466
dummy73467,test73467
dummy73468,test73468
dummy73469,test73469
dummy73470,test73470
dummy73471,test73471
dummy73472,test73472
dummy73473,test73473
dummy73474,test73474
dummy73475,test73475
dummy73476,test73476
dummy73477,test73477
dummy73478,test73478
dummy73479,test73479
dummy73480,test73480
dummy73481,test73481
dummy73482,test73482
dummy73483,test73483
dummy73484,test73484
dummy73485,test73485
dummy73486,test73486
dummy73487,test73487
dummy73488,test73488
dummy73489,test73489
dummy73490,test73490
dummy73491,test73491
dummy73492,test73492
dummy73493,test73493
dummy73494,test73494
dummy73495,test73495
dummy73496,test73496
dummy73497,test73497
dummy73498,test73498
dummy73499,test73499
dummy73500,test73500
dummy73501,test73501
dummy73502,test73502
dummy73503,test73503
dummy73504,test73504
dummy73505,test73505
dummy73506,test73506
dummy73507,test73507
dummy73508,test73508
dummy73509,test73509
dummy73510,test73510
dummy73511,test73511
dummy73512,test73512
dummy73513,test73513
dummy73514,test73514
dummy73515,test73515
dummy73516,test73516
dummy73517,test73517
dummy73518,test73518
dummy73519,test73519
dummy73520,test73520
dummy73521,test73521
dummy73522,test73522
dummy73523,test73523
dummy73524,test73524
dummy73525,test73525
dummy73526,test73526
dummy73527,test73527
dummy73528,test73528
dummy73529,test73529
dummy73530,test73530
dummy73531,test73531
dummy73532,test73532
dummy73533,test73533
dummy73534,test73534
dummy73535,test73535
dummy73536,test73536
dummy73537,test73537
dummy73538,test73538
dummy73539,test73539
dummy73540,test73540
dummy73541,test73541
dummy73542,test73542
dummy73543,test73543
dummy73544,test73544
dummy73545,test73545
dummy73546,test73546
dummy73547,test73547
dummy73548,test73548
dummy73549,test73549
dummy73550,test73550
dummy73551,test73551
dummy73552,test73552
dummy73553,test73553
dummy73554,test73554
dummy73555,test73555
dummy73556,test73556
dummy73557,test73557
dummy73558,test73558
dummy73559,test73559
dummy73560,test73560
dummy73561,test73561
dummy73562,test73562
dummy73563,test73563
dummy73564,test73564
dummy73565,test73565
dummy73566,test73566
dummy73567,test73567
dummy73568,test73568
dummy73569,test73569
dummy73570,test73570
dummy73571,test73571
dummy73572,test73572
dummy73573,test73573
dummy73574,test73574
dummy73575,test73575
dummy73576,test73576
dummy73577,test73577
dummy73578,test73578
dummy73579,test73579
dummy73580,test73580
dummy73581,test73581
dummy73582,test73582
dummy73583,test73583
dummy73584,test73584
dummy73585,test73585
dummy73586,test73586
dummy73587,test73587
dummy73588,test73588
dummy73589,test73589
dummy73590,test73590
dummy73591,test73591
dummy73592,test73592
dummy73593,test73593
dummy73594,test73594
dummy73595,test73595
dummy73596,test73596
dummy73597,test73597
dummy73598,test73598
dummy73599,test73599
dummy73600,test73600
dummy73601,test73601
dummy73602,test73602
dummy73603,test73603
dummy73604,test73604
dummy73605,test73605
dummy73606,test73606
dummy73607,test73607
dummy73608,test73608
dummy73609,test73609
dummy73610,test73610
dummy73611,test73611
dummy73612,test73612
dummy73613,test73613
dummy73614,test73614
dummy73615,test73615
dummy73616,test73616
dummy73617,test73617
dummy73618,test73618
dummy73619,test73619
dummy73620,test73620
dummy73621,test73621
dummy73622,test73622
dummy73623,test73623
dummy73624,test73624
dummy73625,test73625
dummy73626,test73626
dummy73627,test73627
dummy73628,test73628
dummy73629,test73629
dummy73630,test73630
dummy73631,test73631
dummy73632,test73632
dummy73633,test73633
dummy73634,test73634
dummy73635,test73635
dummy73636,test73636
dummy73637,test73637
dummy73638,test73638
dummy73639,test73639
dummy73640,test73640
dummy73641,test73641
dummy73642,test73642
dummy73643,test73643
dummy73644,test73644
dummy73645,test73645
dummy73646,test73646
dummy73647,test73647
dummy73648,test73648
dummy73649,test73649
dummy73650,test73650
dummy73651,test73651
dummy73652,test73652
dummy73653,test73653
dummy73654,test73654
dummy73655,test73655
dummy73656,test73656
dummy73657,test73657
dummy73658,test73658
dummy73659,test73659
dummy73660,test73660
dummy73661,test73661
dummy73662,test73662
dummy73663,test73663
dummy73664,test73664
dummy73665,test73665
dummy73666,test73666
dummy73667,test73667
dummy73668,test73668
dummy73669,test73669
dummy73670,test73670
dummy73671,test73671
dummy73672,test73672
dummy73673,test73673
dummy73674,test73674
dummy73675,test73675
dummy73676,test73676
dummy73677,test73677
dummy73678,test73678
dummy73679,test73679
dummy73680,test73680
dummy73681,test73681
dummy73682,test73682
dummy73683,test73683
dummy73684,test73684
dummy73685,test73685
dummy73686,test73686
dummy73687,test73687
dummy73688,test73688
dummy73689,test73689
dummy73690,test73690
dummy73691,test73691
dummy73692,test73692
dummy73693,test73693
dummy73694,test73694
dummy73695,test73695
dummy73696,test73696
dummy73697,test73697
dummy73698,test73698
dummy73699,test73699
dummy73700,test73700
dummy73701,test73701
dummy73702,test73702
dummy73703,test73703
dummy73704,test73704
dummy73705,test73705
dummy73706,test73706
dummy73707,test73707
dummy73708,test73708
dummy73709,test73709
dummy73710,test73710
dummy73711,test73711
dummy73712,test73712
dummy73713,test73713
dummy73714,test73714
dummy73715,test73715
dummy73716,test73716
dummy73717,test73717
dummy73718,test73718
dummy73719,test73719
dummy73720,test73720
dummy73721,test73721
dummy73722,test73722
dummy73723,test73723
dummy73724,test73724
dummy73725,test73725
dummy73726,test73726
dummy73727,test73727
dummy73728,test73728
dummy73729,test73729
dummy73730,test73730
dummy73731,test73731
dummy73732,test73732
dummy73733,test73733
dummy73734,test73734
dummy73735,test73735
dummy73736,test73736
dummy73737,test73737
dummy73738,test73738
dummy73739,test73739
dummy73740,test73740
dummy73741,test73741
dummy73742,test73742
dummy73743,test73743
dummy73744,test73744
dummy73745,test73745
dummy73746,test73746
dummy73747,test73747
dummy73748,test73748
dummy73749,test73749
dummy73750,test73750
dummy73751,test73751
dummy73752,test73752
dummy73753,test73753
dummy73754,test73754
dummy73755,test73755
dummy73756,test73756
dummy73757,test73757
dummy73758,test73758
dummy73759,test73759
dummy73760,test73760
dummy73761,test73761
dummy73762,test73762
dummy73763,test73763
dummy73764,test73764
dummy73765,test73765
dummy73766,test73766
dummy73767,test73767
dummy73768,test73768
dummy73769,test73769
dummy73770,test73770
dummy73771,test73771
dummy73772,test73772
dummy73773,test73773
dummy73774,test73774
dummy73775,test73775
dummy73776,test73776
dummy73777,test73777
dummy73778,test73778
dummy73779,test73779
dummy73780,test73780
dummy73781,test73781
dummy73782,test73782
dummy73783,test73783
dummy73784,test73784
dummy73785,test73785
dummy73786,test73786
dummy73787,test73787
dummy73788,test73788
dummy73789,test73789
dummy73790,test73790
dummy73791,test73791
dummy73792,test73792
dummy73793,test73793
dummy73794,test73794
dummy73795,test73795
dummy73796,test73796
dummy73797,test73797
dummy73798,test73798
dummy73799,test73799
dummy73800,test73800
